n,repeat,seed,cages,variant,method,redundant,status,wall_time_ms,branches,conflicts,is_valid
3,0,45,5,A_aritmética,arithmetic,False,OPTIMAL,5.4779,0,0,True
3,0,45,5,A_redundante,arithmetic,True,OPTIMAL,14.727,0,0,True
3,0,45,5,B_tabla,table,False,OPTIMAL,15.3762,0,0,True
3,0,45,5,B_redundante,table,True,OPTIMAL,14.1417,0,0,True
3,1,145,5,A_aritmética,arithmetic,False,OPTIMAL,13.1065,0,0,True
3,1,145,5,A_redundante,arithmetic,True,OPTIMAL,16.075300000000002,0,0,True
3,1,145,5,B_tabla,table,False,OPTIMAL,14.9589,0,0,True
3,1,145,5,B_redundante,table,True,OPTIMAL,14.722700000000001,0,0,True
3,2,245,3,A_aritmética,arithmetic,False,OPTIMAL,8.612100000000002,0,0,True
3,2,245,3,A_redundante,arithmetic,True,OPTIMAL,14.969700000000001,0,0,True
3,2,245,3,B_tabla,table,False,OPTIMAL,14.6666,0,0,True
3,2,245,3,B_redundante,table,True,OPTIMAL,14.5363,0,0,True
4,0,46,8,A_aritmética,arithmetic,False,OPTIMAL,13.544,0,0,True
4,0,46,8,A_redundante,arithmetic,True,OPTIMAL,13.2285,0,0,True
4,0,46,8,B_tabla,table,False,OPTIMAL,15.6268,0,0,True
4,0,46,8,B_redundante,table,True,OPTIMAL,14.2566,0,0,True
4,1,146,8,A_aritmética,arithmetic,False,OPTIMAL,5.8033,0,0,True
4,1,146,8,A_redundante,arithmetic,True,OPTIMAL,14.5166,0,0,True
4,1,146,8,B_tabla,table,False,OPTIMAL,15.4449,0,0,True
4,1,146,8,B_redundante,table,True,OPTIMAL,14.975400000000002,0,0,True
4,2,246,9,A_aritmética,arithmetic,False,OPTIMAL,11.798900000000001,0,0,True
4,2,246,9,A_redundante,arithmetic,True,OPTIMAL,15.107800000000001,0,0,True
4,2,246,9,B_tabla,table,False,OPTIMAL,15.3032,0,0,True
4,2,246,9,B_redundante,table,True,OPTIMAL,14.8605,0,0,True
5,0,47,13,A_aritmética,arithmetic,False,OPTIMAL,9.5485,0,0,True
5,0,47,13,A_redundante,arithmetic,True,OPTIMAL,14.256000000000002,0,0,True
5,0,47,13,B_tabla,table,False,OPTIMAL,14.677200000000001,0,0,True
5,0,47,13,B_redundante,table,True,OPTIMAL,14.250200000000001,0,0,True
5,1,147,10,A_aritmética,arithmetic,False,OPTIMAL,22.102800000000002,0,0,True
5,1,147,10,A_redundante,arithmetic,True,OPTIMAL,13.994600000000002,0,0,True
5,1,147,10,B_tabla,table,False,OPTIMAL,13.825400000000002,0,0,True
5,1,147,10,B_redundante,table,True,OPTIMAL,14.3599,0,0,True
5,2,247,10,A_aritmética,arithmetic,False,OPTIMAL,8.9282,0,0,True
5,2,247,10,A_redundante,arithmetic,True,OPTIMAL,15.4303,0,0,True
5,2,247,10,B_tabla,table,False,OPTIMAL,15.028000000000002,0,0,True
5,2,247,10,B_redundante,table,True,OPTIMAL,14.7568,0,0,True
6,0,48,19,A_aritmética,arithmetic,False,OPTIMAL,7.5726,0,0,True
6,0,48,19,A_redundante,arithmetic,True,OPTIMAL,14.6475,0,0,True
6,0,48,19,B_tabla,table,False,OPTIMAL,16.7929,0,0,True
6,0,48,19,B_redundante,table,True,OPTIMAL,14.588400000000002,0,0,True
6,1,148,17,A_aritmética,arithmetic,False,OPTIMAL,13.1636,0,0,True
6,1,148,17,A_redundante,arithmetic,True,OPTIMAL,13.1332,0,0,True
6,1,148,17,B_tabla,table,False,OPTIMAL,14.1507,0,0,True
6,1,148,17,B_redundante,table,True,OPTIMAL,14.350700000000002,0,0,True
6,2,248,17,A_aritmética,arithmetic,False,OPTIMAL,7.882400000000001,0,0,True
6,2,248,17,A_redundante,arithmetic,True,OPTIMAL,15.3945,0,0,True
6,2,248,17,B_tabla,table,False,OPTIMAL,15.3132,0,0,True
6,2,248,17,B_redundante,table,True,OPTIMAL,13.712800000000001,0,0,True
7,0,49,21,A_aritmética,arithmetic,False,OPTIMAL,6.4167,0,0,True
7,0,49,21,A_redundante,arithmetic,True,OPTIMAL,14.4702,0,0,True
7,0,49,21,B_tabla,table,False,OPTIMAL,13.248600000000001,0,0,True
7,0,49,21,B_redundante,table,True,OPTIMAL,13.865200000000002,0,0,True
7,1,149,22,A_aritmética,arithmetic,False,OPTIMAL,10.7834,0,0,True
7,1,149,22,A_redundante,arithmetic,True,OPTIMAL,14.656,0,0,True
7,1,149,22,B_tabla,table,False,OPTIMAL,13.324200000000001,0,0,True
7,1,149,22,B_redundante,table,True,OPTIMAL,14.6042,0,0,True
7,2,249,22,A_aritmética,arithmetic,False,OPTIMAL,10.5039,0,0,True
7,2,249,22,A_redundante,arithmetic,True,OPTIMAL,14.5407,0,0,True
7,2,249,22,B_tabla,table,False,OPTIMAL,14.458200000000001,0,0,True
7,2,249,22,B_redundante,table,True,OPTIMAL,14.3002,0,0,True
8,0,50,26,A_aritmética,arithmetic,False,OPTIMAL,13.569300000000002,0,0,True
8,0,50,26,A_redundante,arithmetic,True,OPTIMAL,14.035800000000002,0,0,True
8,0,50,26,B_tabla,table,False,OPTIMAL,13.186300000000001,0,0,True
8,0,50,26,B_redundante,table,True,OPTIMAL,13.505300000000002,0,0,True
8,1,150,31,A_aritmética,arithmetic,False,OPTIMAL,9.4396,0,0,True
8,1,150,31,A_redundante,arithmetic,True,OPTIMAL,14.3007,0,0,True
8,1,150,31,B_tabla,table,False,OPTIMAL,12.7367,0,0,True
8,1,150,31,B_redundante,table,True,OPTIMAL,13.931500000000002,0,0,True
8,2,250,29,A_aritmética,arithmetic,False,OPTIMAL,15.041,0,0,True
8,2,250,29,A_redundante,arithmetic,True,OPTIMAL,14.589300000000001,0,0,True
8,2,250,29,B_tabla,table,False,OPTIMAL,13.8318,0,0,True
8,2,250,29,B_redundante,table,True,OPTIMAL,9.0897,0,0,True
9,0,51,34,A_aritmética,arithmetic,False,OPTIMAL,17.3268,0,0,True
9,0,51,34,A_redundante,arithmetic,True,OPTIMAL,12.302100000000001,0,0,True
9,0,51,34,B_tabla,table,False,OPTIMAL,12.4196,0,0,True
9,0,51,34,B_redundante,table,True,OPTIMAL,27.140800000000002,0,0,True
9,1,151,36,A_aritmética,arithmetic,False,OPTIMAL,21.7927,0,0,True
9,1,151,36,A_redundante,arithmetic,True,OPTIMAL,12.962100000000001,0,0,True
9,1,151,36,B_tabla,table,False,OPTIMAL,12.596400000000001,0,0,True
9,1,151,36,B_redundante,table,True,OPTIMAL,12.403500000000001,0,0,True
9,2,251,36,A_aritmética,arithmetic,False,OPTIMAL,20.963800000000003,0,0,True
9,2,251,36,A_redundante,arithmetic,True,OPTIMAL,13.830200000000001,0,0,True
9,2,251,36,B_tabla,table,False,OPTIMAL,11.327,0,0,True
9,2,251,36,B_redundante,table,True,OPTIMAL,12.111,0,0,True
