image,kind,n,status,solved,correct,failure,time,t_structure,t_ocr,t_solve,t_render
syn_00000.png,screenshot,9,solved,True,True,,3.356464199954644,0.0805504999589175,2.8218716999981552,0.03144649998284876,0.06028640014119446
syn_00001.jpg,photo,5,solved,True,True,,0.5038580000400543,0.05904359999112785,0.39031690009869635,0.010656300000846386,0.040631999960169196
syn_00002.jpg,photo,5,infeasible,False,False,ocr,0.24444809998385608,0.07241269992664456,0.14395439997315407,0.023656500037759542,
syn_00003.jpg,photo,6,solved,True,True,,0.3752876000944525,0.08087579999119043,0.2171693998388946,0.02129459986463189,0.051631399895995855
syn_00004.png,screenshot,4,solved,True,True,,0.16013940004631877,0.06603699992410839,0.06466150004416704,0.019652299815788865,0.007770699914544821
syn_00005.jpg,photo,4,solved,True,True,,0.21727010002359748,0.07437659986317158,0.07938829995691776,0.017311100149527192,0.042150900000706315
syn_00006.png,screenshot,8,solved,True,True,,0.9742544998880476,0.09269459987990558,0.8303431998938322,0.011475099949166179,0.032775099854916334
syn_00007.png,screenshot,7,solved,True,True,,0.6915238997898996,0.07106520002707839,0.5728768999688327,0.009195100050419569,0.03413099981844425
syn_00008.jpg,photo,3,infeasible,False,False,ocr,0.09032299998216331,0.05354200000874698,0.03303549997508526,0.0009417000692337751,
syn_00009.jpg,photo,3,solved,True,True,,0.20810490008443594,0.06660800008103251,0.05735890008509159,0.02293360000476241,0.057325700065121055
syn_00010.png,screenshot,5,solved,True,True,,0.27736590011045337,0.062016200041398406,0.17082539992406964,0.012644599890336394,0.025444800034165382
syn_00011.jpg,photo,8,solved,True,True,,0.8098146000411361,0.08375059999525547,0.6328296998981386,0.02234699996188283,0.06481099990196526
syn_00012.jpg,photo,5,solved,True,True,,0.4911152001004666,0.06915959995239973,0.34273430006578565,0.016383799957111478,0.05906690005213022
syn_00013.jpg,photo,9,infeasible,False,False,ocr,0.9445933999959379,0.09629789995960891,0.8341889001894742,0.005740700056776404,
syn_00014.png,screenshot,5,solved,True,True,,0.2600688999518752,0.05715689994394779,0.17074109986424446,0.008993600029498339,0.02093390002846718
syn_00015.jpg,photo,5,solved,True,True,,0.3063712001312524,0.07042769994586706,0.17929320014081895,0.009708399884402752,0.042427799897268414
syn_00016.jpg,photo,7,solved,True,True,,0.8251696999650449,0.0772956998553127,0.6904261999297887,0.011293499963358045,0.04238410014659166
syn_00017.png,screenshot,4,solved,True,True,,0.2442639998625964,0.05177609995007515,0.1591460001654923,0.02175129996612668,0.010050799930468202
syn_00018.jpg,photo,3,solved,True,True,,0.18064629985019565,0.07193729979917407,0.038955300115048885,0.013643600046634674,0.05029699997976422
syn_00019.jpg,photo,7,solved,True,True,,0.6337429000996053,0.08271440002135932,0.4852525999303907,0.013174199964851141,0.04818739998154342
syn_00020.jpg,photo,5,solved,True,True,,0.38267640001140535,0.08860619994811714,0.20240950002335012,0.03482780000194907,0.05003089993260801
syn_00021.jpg,photo,6,solved,True,True,,0.5127860999200493,0.06911580008454621,0.37248419993557036,0.02156990021467209,0.043414399959146976
syn_00022.png,screenshot,8,solved,True,True,,0.8550202001351863,0.07829519989900291,0.7005823999643326,0.016000699950382113,0.05037999991327524
syn_00023.jpg,photo,8,infeasible,False,False,ocr,0.8194467998109758,0.07944630016572773,0.7266646001953632,0.0059195999056100845,
syn_00024.jpg,photo,5,solved,True,True,,0.4216103001963347,0.05672760005109012,0.309887700015679,0.0073015999514609575,0.04369219997897744
syn_00025.png,screenshot,9,solved,True,True,,1.0693247001618147,0.08592510013841093,0.9017847999930382,0.013103700010105968,0.05917819985188544
syn_00026.jpg,photo,5,solved,True,True,,0.2830441000405699,0.05973839992657304,0.16561940009705722,0.010577599983662367,0.04227309999987483
syn_00027.jpg,photo,6,solved,True,True,,0.5925459999125451,0.07970399991609156,0.455459900200367,0.013408900005742908,0.03961810003966093
syn_00028.jpg,photo,5,solved,True,True,,0.40158599987626076,0.060158499982208014,0.2837926000356674,0.01326019992120564,0.04061080003157258
syn_00029.jpg,photo,4,solved,True,True,,0.23704009992070496,0.061663399916142225,0.1105667999945581,0.018281999975442886,0.04262019996531308
syn_00030.jpg,photo,3,solved,True,True,,0.18392769992351532,0.07084920001216233,0.0414022000040859,0.019637900171801448,0.04778319993056357
syn_00031.png,screenshot,5,solved,True,True,,0.4468990999739617,0.06347960000857711,0.35293109994381666,0.010903399903327227,0.01556740002706647
syn_00032.png,screenshot,4,solved,True,True,,0.15275680017657578,0.04808799992315471,0.08166859997436404,0.011268500005826354,0.010150199988856912
syn_00033.png,screenshot,5,solved,True,True,,0.3738784999586642,0.07270939997397363,0.266978400060907,0.007319600088521838,0.023032499942928553
syn_00034.jpg,photo,3,solved,True,True,,0.1647455000784248,0.06273179990239441,0.03965190006420016,0.011508499970659614,0.04583949991501868
syn_00035.jpg,photo,5,solved,True,True,,0.3557426000479609,0.08249780000187457,0.20422399998642504,0.018595400033518672,0.04656210006214678
syn_00036.png,screenshot,3,solved,True,True,,0.1383316998835653,0.05060290009714663,0.05169040011242032,0.01707100006751716,0.017041000071913004
syn_00037.jpg,photo,3,solved,True,True,,0.22818530001677573,0.06807639985345304,0.09623609995469451,0.01658520009368658,0.04255130002275109
syn_00038.jpg,photo,9,solved,True,True,,1.2458790000528097,0.10597110004164279,1.0471316000912338,0.021150199929252267,0.06154079991392791
syn_00039.png,screenshot,8,solved,True,True,,0.8442229998763651,0.07148309983313084,0.7115997998043895,0.022921700030565262,0.03437619982287288
syn_00040.png,screenshot,6,solved,True,True,,0.4755129001569003,0.05401210021227598,0.37794009991921484,0.01953479996882379,0.021713699912652373
syn_00041.jpg,photo,8,solved,True,True,,0.7783590999897569,0.08299229992553592,0.6150028998963535,0.01166579988785088,0.06247800006531179
syn_00042.jpg,photo,5,solved,True,True,,0.33104539988562465,0.06629749992862344,0.21266600000672042,0.009471999946981668,0.03858100017532706
syn_00043.png,screenshot,7,solved,True,True,,0.5347138000652194,0.06441359990276396,0.4441662000026554,0.007735499879345298,0.016496500000357628
syn_00044.jpg,photo,3,solved,True,True,,0.17463300004601479,0.0541941998526454,0.05143890017643571,0.016066000098362565,0.04806310008279979
syn_00045.png,screenshot,6,solved,True,True,,0.5309997000731528,0.07535830000415444,0.3956729001365602,0.015084899961948395,0.0383502000477165
syn_00046.jpg,photo,4,solved,True,True,,0.2939281000290066,0.05288140010088682,0.1840664001647383,0.00873710005544126,0.04511790000833571
syn_00047.jpg,photo,5,solved,True,True,,0.44127559987828135,0.0654946998693049,0.3051536998245865,0.020559099968522787,0.04336669994518161
syn_00048.png,screenshot,6,solved,True,True,,0.3056093000341207,0.056726399809122086,0.1939121000468731,0.020609700120985508,0.03137650014832616
syn_00049.jpg,photo,8,infeasible,False,False,ocr,0.9465334999840707,0.09144820016808808,0.845311899902299,0.004070800030604005,
syn_00050.png,screenshot,4,solved,True,True,,0.162203700048849,0.053222900023683906,0.08375349990092218,0.008869200013577938,0.014662999892607331
syn_00051.jpg,photo,6,solved,True,True,,0.8345854000654072,0.08424940006807446,0.6943159000948071,0.011036599986255169,0.03988329996354878
syn_00052.jpg,photo,7,solved,True,True,,0.5532345999963582,0.06614120001904666,0.4280903001781553,0.012915999861434102,0.04202300007455051
syn_00053.jpg,photo,8,solved,True,True,,0.6961870999075472,0.07839999999850988,0.5223131999373436,0.028763099806383252,0.05950760003179312
syn_00054.jpg,photo,5,solved,True,True,,0.39677300001494586,0.07969400007277727,0.24257020000368357,0.013795800041407347,0.0570461000315845
syn_00055.jpg,photo,4,solved,True,True,,0.25567879993468523,0.069444399792701,0.133414400042966,0.008717699907720089,0.040124400053173304
syn_00056.jpg,photo,6,solved,True,True,,0.49715769989416003,0.08064389997161925,0.3466499000787735,0.021768499864265323,0.04293849994428456
syn_00057.png,screenshot,8,solved,True,True,,0.7751977001316845,0.07341960002668202,0.6591099000070244,0.01570190000347793,0.023868699790909886
syn_00058.png,screenshot,8,solved,True,True,,0.9355772000271827,0.07181670004501939,0.8263528000097722,0.014985100133344531,0.019391600042581558
syn_00059.jpg,photo,6,infeasible,False,False,ocr,0.4469745000824332,0.06626760005019605,0.3710771999321878,0.0060853001195937395,
syn_00060.jpg,photo,3,invalid_instance,False,False,ocr,0.2531534000299871,0.06125280004926026,0.18427000008523464,,
syn_00061.jpg,photo,3,solved,True,True,,0.16933860001154244,0.07220420008525252,0.03983439994044602,0.009656799957156181,0.04355910001322627
syn_00062.jpg,photo,3,solved,True,True,,0.18392599979415536,0.06981840007938445,0.05067249992862344,0.01577179995365441,0.044254800071939826
syn_00063.jpg,photo,6,infeasible,False,False,ocr,0.5273434000555426,0.08609830006025732,0.43331899982877076,0.002993799978867173,
syn_00064.jpg,photo,5,solved,True,True,,0.442435699980706,0.05885989987291396,0.32942660013213754,0.01047810004092753,0.03985249996185303
syn_00065.png,screenshot,4,solved,True,True,,0.13602209999226034,0.04751889989711344,0.05899819987826049,0.008992200018838048,0.018055199878290296
syn_00066.jpg,photo,9,solved,True,True,,1.307453699875623,0.10655389982275665,1.0864029999356717,0.03127270005643368,0.07758139981888235
syn_00067.jpg,photo,9,infeasible,False,False,ocr,1.1260277999099344,0.08545130002312362,1.0225521000102162,0.00736799999140203,
syn_00068.jpg,photo,6,solved,True,True,,0.49897149996832013,0.06529469997622073,0.37561769993044436,0.01190040004439652,0.04257700010202825
syn_00069.jpg,photo,7,solved,True,True,,0.7010906999930739,0.06965439999476075,0.5652916999533772,0.023135700030252337,0.038555600214749575
syn_00070.png,screenshot,3,solved,True,True,,0.12331239995546639,0.044511100044474006,0.05952679994516075,0.013804200105369091,0.004512500017881393
syn_00071.png,screenshot,3,solved,True,True,,0.1268821000121534,0.05611549993045628,0.046820999821648,0.015004599932581186,0.006679699989035726
syn_00072.png,screenshot,9,solved,True,True,,1.781502699945122,0.09166019991971552,1.6307365000247955,0.016291199950501323,0.037856699898839
syn_00073.jpg,photo,3,solved,True,True,,0.1706848000176251,0.06136489985510707,0.03938049986027181,0.01595710008405149,0.05003809998743236
syn_00074.png,screenshot,8,invalid_instance,False,False,ocr,0.584689199924469,0.08429659996181726,0.49465299979783595,,
syn_00075.jpg,photo,7,infeasible,False,False,ocr,0.5575381000526249,0.07099879998713732,0.478495400166139,0.0032658998388797045,
syn_00076.jpg,photo,6,solved,True,True,,0.483261700021103,0.07086360012181103,0.3591275999788195,0.010434400057420135,0.03905149991624057
syn_00077.png,screenshot,7,infeasible,False,False,ocr,0.7655640000011772,0.06050820020027459,0.6977123999968171,0.0034823999740183353,
syn_00078.jpg,photo,4,solved,True,True,,0.3194305000361055,0.056498299818485975,0.2058836999349296,0.006412299815565348,0.045434199972078204
syn_00079.png,screenshot,6,solved,True,True,,0.48444500006735325,0.07286439999006689,0.3696389999240637,0.0065611000172793865,0.031048599863424897
syn_00080.png,screenshot,3,solved,True,True,,0.11305120005272329,0.04465639987029135,0.038261199835687876,0.013940899865701795,0.0147643000818789
syn_00081.png,screenshot,8,solved,True,True,,1.1301164000760764,0.08561059995554388,0.9746864000335336,0.02412179997190833,0.03867829986847937
syn_00082.png,screenshot,4,solved,True,True,,0.21633589989505708,0.050449700094759464,0.1468984999228269,0.00880090007558465,0.008920899825170636
syn_00083.png,screenshot,9,infeasible,False,False,ocr,1.2261007998604327,0.09621709981001914,1.1172425001859665,0.006231300067156553,
syn_00084.jpg,photo,8,infeasible,False,False,ocr,0.7598029999062419,0.07371220015920699,0.6762249998282641,0.005050400039181113,
syn_00085.jpg,photo,7,solved,True,True,,0.865266699809581,0.06853160005994141,0.7268354000989348,0.021825899835675955,0.04317419999279082
syn_00086.jpg,photo,8,infeasible,False,False,ocr,0.8080102000385523,0.07548490003682673,0.7209951998665929,0.005961099872365594,
syn_00087.jpg,photo,3,solved,True,True,,0.17205519997514784,0.05513320001773536,0.05765209998935461,0.011093500070273876,0.04472560016438365
syn_00088.jpg,photo,7,solved,True,True,,0.8646580001804978,0.08476880006492138,0.7228872999548912,0.013203399954363704,0.037159299943596125
syn_00089.jpg,photo,9,infeasible,False,False,ocr,0.9278708999045193,0.08004080015234649,0.8325054999440908,0.009489299962297082,
syn_00090.jpg,photo,3,solved,True,True,,0.1736067000310868,0.056325400015339255,0.06023479998111725,0.010134799871593714,0.042810400016605854
syn_00091.jpg,photo,5,solved,True,True,,0.43586309999227524,0.07606410002335906,0.3112061000429094,0.006416299846023321,0.03899439983069897
syn_00092.jpg,photo,3,solved,True,True,,0.19619689998216927,0.05191530007869005,0.07768230000510812,0.009574300143867731,0.0520949000492692
syn_00093.jpg,photo,5,solved,True,True,,0.3962095999158919,0.07023729989305139,0.2621995999943465,0.013584800064563751,0.043027699925005436
syn_00094.jpg,photo,9,infeasible,False,False,ocr,1.1637665000744164,0.08168970001861453,1.063851699931547,0.007651899941265583,
syn_00095.jpg,photo,9,solved,True,True,,0.9058220000006258,0.07581079984083772,0.7232278999872506,0.02449270011857152,0.07750830007717013
syn_00096.jpg,photo,6,solved,True,True,,0.5248065998312086,0.0678105999249965,0.38576580001972616,0.021609599934890866,0.04267840017564595
syn_00097.jpg,photo,5,solved,True,True,,0.3131434000097215,0.06604430009610951,0.17737379996106029,0.016590300016105175,0.04730190010741353
syn_00098.jpg,photo,4,solved,True,True,,0.2218400000128895,0.06609629979357123,0.08834560005925596,0.015320000005885959,0.047082000179216266
syn_00099.jpg,photo,7,infeasible,False,False,ocr,0.5503404000774026,0.07850319985300303,0.4596776000689715,0.00796749978326261,
syn_00100.jpg,photo,5,solved,True,True,,0.49687690008431673,0.05766989989206195,0.3860720000229776,0.011826699832454324,0.03757759998552501
syn_00101.jpg,photo,9,solved,True,True,,1.2240710000041872,0.09068599995225668,1.0386148998513818,0.026343500008806586,0.06363210012204945
syn_00102.jpg,photo,8,solved,True,True,,0.6437762000132352,0.07292840001173317,0.5012705998960882,0.010846500052139163,0.05273479991592467
syn_00103.jpg,photo,7,solved,True,True,,0.5801991999614984,0.07348549994640052,0.43701770016923547,0.01508010015822947,0.047649400075897574
syn_00104.png,screenshot,9,invalid_instance,False,False,ocr,0.8317968999035656,0.07178379991091788,0.7549695000052452,,
syn_00105.jpg,photo,3,solved,True,True,,0.15208880021236837,0.05554589978419244,0.038174299988895655,0.008423699997365475,0.04682810022495687
syn_00106.jpg,photo,9,solved,True,True,,1.1706914999522269,0.0952751999720931,0.9736453001387417,0.014016699977219105,0.07849909993819892
syn_00107.jpg,photo,5,solved,True,True,,0.43970669992268085,0.0814341998193413,0.2983339000493288,0.007413600105792284,0.04718999983742833
syn_00108.png,screenshot,6,solved,True,True,,0.5301459999755025,0.06837290013208985,0.41060910001397133,0.01918049994856119,0.02814040007069707
syn_00109.jpg,photo,4,solved,True,True,,0.4062699000351131,0.07300850003957748,0.2546012999955565,0.020921400049701333,0.05370489996857941
syn_00110.jpg,photo,7,solved,True,True,,0.7287270000670105,0.06910240021534264,0.5876059997826815,0.026157000102102757,0.03988609998486936
syn_00111.png,screenshot,4,solved,True,True,,0.19820720003917813,0.05004390003159642,0.11572499992325902,0.007627399871125817,0.02256790013052523
syn_00112.png,screenshot,9,solved,True,True,,1.0869609999936074,0.0868526000995189,0.9550491999834776,0.022591999964788556,0.0189733998849988
syn_00113.jpg,photo,7,solved,True,True,,0.6820133998990059,0.07393620000220835,0.5473432000726461,0.01390919997356832,0.041732799960300326
syn_00114.png,screenshot,8,solved,True,True,,0.8015493999700993,0.06536270002834499,0.6901660999283195,0.02322839992120862,0.020024199970066547
syn_00115.png,screenshot,9,solved,True,True,,1.2398116998374462,0.08445469988510013,1.079286300111562,0.016924399882555008,0.05181810003705323
syn_00116.png,screenshot,3,solved,True,True,,0.11611240007914603,0.05058620008639991,0.03961510001681745,0.011225499911233783,0.012686499860137701
syn_00117.jpg,photo,5,solved,True,True,,0.32018159981817007,0.07480679987929761,0.17849319986999035,0.012770800152793527,0.049690699903294444
syn_00118.jpg,photo,6,infeasible,False,False,ocr,0.5692366999574006,0.07430529990233481,0.4870666000060737,0.0022740999702364206,
syn_00119.png,screenshot,9,solved,True,True,,1.072692799847573,0.06825140002183616,0.9534182001370937,0.02241239999420941,0.024127400014549494
syn_00120.png,screenshot,9,solved,True,True,,1.3412587000057101,0.08282689983025193,1.1705243000760674,0.022446800023317337,0.057976000010967255
syn_00121.jpg,photo,4,solved,True,True,,0.2434799000620842,0.05657089990563691,0.110148899955675,0.022411500103771687,0.0499611000996083
syn_00122.png,screenshot,7,infeasible,False,False,ocr,0.6513201999478042,0.08145719999447465,0.5643637999892235,0.001633599866181612,
syn_00123.jpg,photo,9,invalid_instance,False,False,ocr,1.0826677000150084,0.0922423000447452,0.9846789999864995,,
syn_00124.png,screenshot,7,solved,True,True,,0.7563050999306142,0.06910419999621809,0.627802100032568,0.02083999989554286,0.034414099995046854
syn_00125.jpg,photo,4,infeasible,False,False,ocr,0.352150599937886,0.05440780008211732,0.2883101999759674,0.0026247999630868435,
syn_00126.jpg,photo,3,solved,True,True,,0.1853300000075251,0.05698080011643469,0.06061250017955899,0.01219799998216331,0.05132719990797341
syn_00127.jpg,photo,5,solved,True,True,,0.38509610015898943,0.0872673001140356,0.24097950011491776,0.009349199943244457,0.041899000061675906
syn_00128.png,screenshot,4,solved,True,True,,0.20507300016470253,0.05152900004759431,0.1344325002282858,0.006913100136443973,0.010413300013169646
syn_00129.jpg,photo,7,solved,True,True,,0.5756018999963999,0.0792302000336349,0.4335412001237273,0.015241699991747737,0.0422582000028342
syn_00130.jpg,photo,8,infeasible,False,False,ocr,0.8676557000726461,0.07537019997835159,0.7817339000757784,0.005063700024038553,
syn_00131.jpg,photo,3,solved,True,True,,0.1514876999426633,0.0532897999510169,0.03022750001400709,0.014376800041645765,0.050341299967840314
syn_00132.png,screenshot,6,solved,True,True,,0.5741076001431793,0.07580180000513792,0.44536649994552135,0.0150605000089854,0.03304230002686381
syn_00133.jpg,photo,9,solved,True,True,,1.278471500147134,0.08864279999397695,1.0929789999499917,0.02357349987141788,0.06629349989816546
syn_00134.png,screenshot,5,solved,True,True,,0.285429900046438,0.0573193000163883,0.1903365000616759,0.013628900051116943,0.020888099912554026
syn_00135.jpg,photo,7,solved,True,True,,0.9353895999956876,0.09373280010186136,0.7788829000201076,0.017542499816045165,0.03914760006591678
syn_00136.jpg,photo,6,infeasible,False,False,ocr,0.42556439992040396,0.06602369993925095,0.3533944000955671,0.0024476000107824802,
syn_00137.jpg,photo,4,infeasible,False,False,ocr,0.2521529998630285,0.054738299921154976,0.19124489999376237,0.0020056001376360655,
syn_00138.jpg,photo,6,solved,True,True,,0.6212114000227302,0.0812696001958102,0.485602900153026,0.011881900019943714,0.038303500041365623
syn_00139.jpg,photo,6,solved,True,True,,0.5295329999644309,0.06170350010506809,0.41887799999676645,0.007288799853995442,0.03804610017687082
syn_00140.jpg,photo,9,solved,True,True,,1.4226369999814779,0.08523030020296574,1.2539135999977589,0.01528559997677803,0.06408300017938018
syn_00141.png,screenshot,8,infeasible,False,False,ocr,0.9412697001826018,0.0731937000527978,0.8537719999440014,0.006404600106179714,
syn_00142.jpg,photo,5,solved,True,True,,0.33344419999048114,0.06169590004719794,0.21624679979868233,0.006756199989467859,0.04536680015735328
syn_00143.jpg,photo,7,solved,True,True,,0.38478379999287426,0.07917809998616576,0.22310870001092553,0.017382899997755885,0.060781999956816435
syn_00144.jpg,photo,4,solved,True,True,,0.26624729996547103,0.06778430007398129,0.13016969989985228,0.014729200163856149,0.04882810008712113
syn_00145.png,screenshot,9,solved,True,True,,1.004403700120747,0.08722649980336428,0.858090199995786,0.01245490019209683,0.03786249994300306
syn_00146.png,screenshot,3,solved,True,True,,0.09546900005079806,0.04460390005260706,0.029559599934145808,0.01298060012049973,0.0072465999983251095
syn_00147.png,screenshot,4,solved,True,True,,0.21432929998263717,0.058370199985802174,0.12922540004365146,0.013951099943369627,0.011597200063988566
syn_00148.png,screenshot,7,solved,True,True,,0.6917708001565188,0.07967680017463863,0.5731397999916226,0.012179699959233403,0.021348000038415194
syn_00149.jpg,photo,6,invalid_instance,False,False,ocr,0.42458049999549985,0.06673429999500513,0.3529279001522809,,
syn_00150.jpg,photo,7,solved,True,True,,0.6028925999999046,0.06542080012150109,0.47551209991797805,0.016915200045332313,0.040147599996998906
syn_00151.png,screenshot,4,solved,True,True,,0.26479610009118915,0.04665090003982186,0.1821506000123918,0.019369600107893348,0.01511260005645454
syn_00152.jpg,photo,6,solved,True,True,,0.3165986000094563,0.07186000002548099,0.1819694999139756,0.010094699915498495,0.047372500179335475
syn_00153.jpg,photo,4,solved,True,True,,0.24842289998196065,0.06491379998624325,0.12509840005077422,0.005611900007352233,0.046551299979910254
syn_00154.jpg,photo,7,solved,True,True,,0.7118681001011282,0.08554510003887117,0.569389299955219,0.01000080001540482,0.039290100103244185
syn_00155.jpg,photo,7,solved,True,True,,0.6470104998443276,0.06535480008460581,0.5234157000668347,0.012056600069627166,0.04151750006712973
syn_00156.png,screenshot,8,solved,True,True,,0.7487467001192272,0.060426600044593215,0.6554286000318825,0.010973399970680475,0.019537399988621473
syn_00157.jpg,photo,8,infeasible,False,False,ocr,0.624410199932754,0.07454169983975589,0.5401568999513984,0.004917599959298968,
syn_00158.jpg,photo,8,invalid_instance,False,False,ocr,0.930150399915874,0.07405360019765794,0.8473942000418901,,
syn_00159.jpg,photo,4,solved,True,True,,0.22036870010197163,0.05679959990084171,0.08454579999670386,0.017773800063878298,0.057653299998492
syn_00160.png,screenshot,9,infeasible,False,False,ocr,1.0684909999836236,0.08811679994687438,0.9642034999560565,0.008170000044628978,
syn_00161.jpg,photo,4,solved,True,True,,0.27464259997941554,0.052640500012785196,0.15975619992241263,0.015077800024300814,0.043401600094512105
syn_00162.jpg,photo,7,invalid_instance,False,False,ocr,0.6534860001411289,0.07925579999573529,0.5693415000569075,,
syn_00163.jpg,photo,7,solved,True,True,,0.6068929999601096,0.07108010002411902,0.46881780005060136,0.020759199978783727,0.04191290005110204
syn_00164.png,screenshot,3,solved,True,True,,0.12526439991779625,0.04402130004018545,0.05285310000181198,0.018526799976825714,0.00811739987693727
syn_00165.jpg,photo,3,solved,True,True,,0.1851365000475198,0.06749169994145632,0.04891679994761944,0.012403100030496716,0.052332699997350574
syn_00166.jpg,photo,4,solved,True,True,,0.28585690003819764,0.06552710011601448,0.14684569998644292,0.02121690008789301,0.048059399938210845
syn_00167.jpg,photo,9,solved,True,True,,1.325084599899128,0.08209819998592138,1.15234739985317,0.01775590004399419,0.06476370012387633
syn_00168.jpg,photo,8,infeasible,False,False,ocr,0.48350550001487136,0.07337660016492009,0.3970953000243753,0.006962999934330583,
syn_00169.jpg,photo,8,infeasible,False,False,ocr,1.206682600080967,0.08237369987182319,1.1122745999600738,0.004902099957689643,
syn_00170.jpg,photo,8,solved,True,True,,0.7696151998825371,0.07279310002923012,0.6244663000106812,0.0178246998693794,0.049434800166636705
syn_00171.png,screenshot,7,solved,True,True,,0.7620522999204695,0.05748050007969141,0.6624028000514954,0.022258100099861622,0.016440700041130185
syn_00172.jpg,photo,5,solved,True,True,,0.37977360002696514,0.05843259999528527,0.25377089995890856,0.01913510006852448,0.04328739992342889
syn_00173.jpg,photo,5,solved,True,True,,0.3310698000714183,0.06422400008887053,0.19287600019015372,0.020368700148537755,0.04926320002414286
syn_00174.png,screenshot,7,solved,True,True,,0.6342809000052512,0.07096510007977486,0.4972435999661684,0.018670900026336312,0.041471000062301755
syn_00175.jpg,photo,7,infeasible,False,False,ocr,0.5606531999073923,0.06606250000186265,0.48689629998989403,0.004116700030863285,
syn_00176.jpg,photo,7,infeasible,False,False,ocr,0.49059720011428,0.06591890007257462,0.41766260005533695,0.0031920999754220247,
syn_00177.jpg,photo,4,solved,True,True,,0.2834892999380827,0.059475700138136744,0.15443910006433725,0.014259600080549717,0.04759260010905564
syn_00178.jpg,photo,5,solved,True,True,,0.3970113000832498,0.07591600017622113,0.2512395998928696,0.02072610007598996,0.043430499965325
syn_00179.jpg,photo,9,solved,True,True,,1.451398199889809,0.08861670014448464,1.2377440000418574,0.03207809990271926,0.08285940019413829
syn_00180.jpg,photo,4,solved,True,True,,0.22993850009515882,0.07619090005755424,0.07879230007529259,0.006722100079059601,0.06060309987515211
syn_00181.jpg,photo,5,solved,True,True,,0.37066070013679564,0.08274320000782609,0.2206650001462549,0.01858789985999465,0.04347899998538196
syn_00182.jpg,photo,6,solved,True,True,,0.4595653999131173,0.08027080004103482,0.3255007998086512,0.009929499821737409,0.038579999934881926
syn_00183.jpg,photo,3,solved,True,True,,0.1631085998378694,0.05231539998203516,0.038349200040102005,0.016783800208941102,0.05180180002935231
syn_00184.jpg,photo,8,infeasible,False,False,ocr,0.8328311000950634,0.09816409996710718,0.7231587001588196,0.0060912000481039286,
syn_00185.png,screenshot,4,solved,True,True,,0.18589530000463128,0.04718010011129081,0.11043399991467595,0.019430199870839715,0.007578500080853701
syn_00186.png,screenshot,5,solved,True,True,,0.2671241001226008,0.06291060009971261,0.17943329992704093,0.00797539995983243,0.015361599856987596
syn_00187.png,screenshot,9,solved,True,True,,1.1489623000379652,0.08599799987860024,0.9810699999798089,0.02218850003555417,0.049323899904266
syn_00188.jpg,photo,3,solved,True,True,,0.1645938998553902,0.05573219992220402,0.049575299955904484,0.014564800076186657,0.040546099888160825
syn_00189.png,screenshot,6,solved,True,True,,0.6171598001383245,0.07490070001222193,0.5062391001265496,0.02131720003671944,0.013098000083118677
syn_00190.png,screenshot,5,solved,True,True,,0.26735969982109964,0.046673399861902,0.19669199991039932,0.012971599819138646,0.009606600040569901
syn_00191.jpg,photo,7,infeasible,False,False,ocr,0.7525541000068188,0.08753899997100234,0.6554972000885755,0.0051813998725265265,
syn_00192.png,screenshot,6,solved,True,True,,0.3881743000820279,0.05352060007862747,0.29551069997251034,0.013741499977186322,0.020487000001594424
syn_00193.jpg,photo,5,solved,True,True,,0.46747760009020567,0.057273800019174814,0.363052099943161,0.0048627001233398914,0.038658499950543046
syn_00194.jpg,photo,5,solved,True,True,,0.3545057999435812,0.06537030008621514,0.22118430002592504,0.013814199948683381,0.05012529995292425
syn_00195.jpg,photo,6,solved,True,True,,0.4020897001028061,0.06649530003778636,0.2710335000883788,0.011043000034987926,0.047939299838617444
syn_00196.jpg,photo,8,solved,True,True,,1.1060625000391155,0.08717409987002611,0.9304168000817299,0.024399499874562025,0.056072100065648556
syn_00197.png,screenshot,8,infeasible,False,False,ocr,0.8988155999686569,0.0660725999623537,0.8193113999441266,0.007789100054651499,
syn_00198.jpg,photo,8,solved,True,True,,0.8728672999422997,0.07076600007712841,0.7235642999876291,0.02096490003168583,0.05256540002301335
syn_00199.png,screenshot,8,solved,True,True,,1.005182599881664,0.07384560001082718,0.8579887000378221,0.02128340001218021,0.041619200026616454
syn_00200.png,screenshot,3,solved,True,True,,0.14862299989908934,0.04440880008041859,0.07810049992986023,0.014915300067514181,0.007793799974024296
syn_00201.png,screenshot,8,solved,True,True,,1.0513969999738038,0.09491819981485605,0.8699507999699563,0.018863500095903873,0.05657780007459223
syn_00202.jpg,photo,6,solved,True,True,,0.5860452000051737,0.0628394999075681,0.466392699861899,0.013768299948424101,0.0378564998973161
syn_00203.jpg,photo,3,solved,True,True,,0.15746199991554022,0.050766299944370985,0.04357549990527332,0.009079999988898635,0.050197399919852614
syn_00204.jpg,photo,7,solved,True,True,,0.6579963001422584,0.09677310008555651,0.4976685999426991,0.014195100171491504,0.04394819983281195
syn_00205.jpg,photo,3,solved,True,True,,0.20547120016999543,0.055232300190255046,0.08610800001770258,0.008810299914330244,0.04831260000355542
syn_00206.jpg,photo,8,solved,True,True,,0.6724938000552356,0.09723119996488094,0.48835160001181066,0.025608700001612306,0.05415099998936057
syn_00207.png,screenshot,6,solved,True,True,,0.5889775000978261,0.06361600011587143,0.4756378000602126,0.021240700036287308,0.024900099961087108
syn_00208.jpg,photo,9,solved,True,True,,1.7108378000557423,0.09935449995100498,1.5215790998190641,0.016042500035837293,0.06716899992898107
syn_00209.jpg,photo,7,solved,True,True,,0.7856417999137193,0.0632561999373138,0.6498912000097334,0.02901279996149242,0.039377300068736076
syn_00210.png,screenshot,3,solved,True,True,,0.0992854000069201,0.04628860019147396,0.03146779979579151,0.012193799950182438,0.008026599884033203
syn_00211.png,screenshot,3,solved,True,True,,0.18256040010601282,0.06328230001963675,0.07489060005173087,0.019912200048565865,0.021761300042271614
syn_00212.jpg,photo,9,infeasible,False,False,ocr,0.9166437999811023,0.1583764001261443,0.7480320001486689,0.0023339998442679644,
syn_00213.jpg,photo,7,solved,True,True,,0.9659229000099003,0.07331499992869794,0.8209061999805272,0.02344030002132058,0.04392229998484254
syn_00214.jpg,photo,7,solved,True,True,,0.7166621999349445,0.07591940020211041,0.5823010997846723,0.008965699933469296,0.04468069993890822
syn_00215.jpg,photo,5,solved,True,True,,0.5028760998975486,0.08328689984045923,0.3483307999558747,0.01910410006530583,0.04839110001921654
syn_00216.jpg,photo,9,invalid_instance,False,False,ocr,1.4681712999008596,0.09670730005018413,1.3608717999886721,,
syn_00217.png,screenshot,9,solved,True,True,,1.5705825998447835,0.08918419992551208,1.3814434001687914,0.018746100133284926,0.07206099992617965
syn_00218.jpg,photo,7,solved,True,True,,0.7244035999756306,0.07271820004098117,0.5875808000564575,0.01155370008200407,0.048871299950405955
syn_00219.jpg,photo,3,solved,True,True,,0.16382969985716045,0.0549369000364095,0.050479400204494596,0.009083000011742115,0.043048799969255924
syn_00220.jpg,photo,9,solved,True,True,,1.1642011001240462,0.10068839997984469,0.9708821000531316,0.02061809995211661,0.06418109987862408
syn_00221.png,screenshot,5,solved,True,True,,0.3810554000083357,0.05269209994003177,0.30409460002556443,0.007308600004762411,0.015074800001457334
syn_00222.jpg,photo,9,infeasible,False,False,ocr,1.3213961999863386,0.09144710004329681,1.2139234999194741,0.008402299834415317,
syn_00223.jpg,photo,9,solved,True,True,,1.265122100012377,0.08165720012038946,1.0703209000639617,0.03364389995113015,0.07196380011737347
syn_00224.png,screenshot,5,solved,True,True,,0.3451519999653101,0.05873219994828105,0.25333709991537035,0.018688100157305598,0.012477200012654066
syn_00225.jpg,photo,6,solved,True,True,,0.5839887999463826,0.08163729985244572,0.442299900110811,0.010586899938061833,0.04252619994804263
syn_00226.jpg,photo,8,solved,True,True,,0.8481042000930756,0.08132639992982149,0.6901078999508172,0.016279499977827072,0.055667500011622906
syn_00227.jpg,photo,7,solved,True,True,,0.7787453001365066,0.07201350014656782,0.6424646999221295,0.012715699849650264,0.04544200003147125
syn_00228.png,screenshot,4,solved,True,True,,0.1633540999609977,0.052711799973621964,0.07424070010893047,0.015245199901983142,0.017681799829006195
syn_00229.jpg,photo,4,solved,True,True,,0.2775747000705451,0.06515599996782839,0.1395661998540163,0.02017639996483922,0.04726589983329177
syn_00230.jpg,photo,9,solved,True,True,,1.307066900189966,0.09578069997951388,1.1215033000335097,0.019584599882364273,0.06311050010845065
syn_00231.png,screenshot,6,infeasible,False,False,ocr,0.446312100160867,0.06142919999547303,0.38065010006539524,0.0012983998749405146,
syn_00232.jpg,photo,8,solved,True,True,,0.7512505000922829,0.086369400145486,0.5892855999991298,0.011953899869695306,0.057598100043833256
syn_00233.jpg,photo,6,solved,True,True,,0.44318470009602606,0.06406310014426708,0.30755780008621514,0.01980610005557537,0.04677660018205643
syn_00234.png,screenshot,8,solved,True,True,,1.3292178001720458,0.07667430001311004,1.1953622000291944,0.01689319987781346,0.035003599943593144
syn_00235.jpg,photo,7,solved,True,True,,0.510216899914667,0.06616330007091165,0.37540340004488826,0.021392199909314513,0.042419200064614415
syn_00236.jpg,photo,4,solved,True,True,,0.22084590001031756,0.06370840012095869,0.09547329996712506,0.006122699938714504,0.05165479984134436
syn_00237.jpg,photo,3,solved,True,True,,0.19409560016356409,0.07222159998491406,0.05761909997090697,0.008716300129890442,0.051095400005578995
syn_00238.jpg,photo,9,infeasible,False,False,ocr,1.2677170999813825,0.12738770013675094,1.1238758000545204,0.0055587999522686005,
syn_00239.jpg,photo,9,solved,True,True,,1.2273098998703063,0.09433069988153875,1.0340570001862943,0.013736500171944499,0.07531940005719662
syn_00240.jpg,photo,6,solved,True,True,,0.5642027000430971,0.07652839994989336,0.4040814000181854,0.023864199873059988,0.05444189999252558
syn_00241.jpg,photo,7,infeasible,False,False,ocr,0.6327356998808682,0.08980150008574128,0.5305677000433207,0.007168800104409456,
syn_00242.png,screenshot,5,infeasible,False,False,ocr,0.452326999977231,0.06249420018866658,0.3854284000117332,0.00203000009059906,
syn_00243.jpg,photo,8,solved,True,True,,0.8352981999050826,0.07811410003341734,0.6756241000257432,0.02420069999061525,0.049518699990585446
syn_00244.jpg,photo,7,solved,True,True,,1.0082922999281436,0.06327869999222457,0.8818705999292433,0.0129742999561131,0.04333689995110035
syn_00245.jpg,photo,6,solved,True,True,,0.43894660007208586,0.06163339992053807,0.31479199999012053,0.011270900024101138,0.04789160005748272
syn_00246.jpg,photo,4,solved,True,True,,0.2896473999135196,0.06221450003795326,0.15151520003564656,0.017135800095275044,0.05354079999960959
syn_00247.jpg,photo,8,solved,True,True,,1.3752840999513865,0.08660459984093904,1.2197837000712752,0.012124500004574656,0.04898780002258718
syn_00248.jpg,photo,8,infeasible,False,False,ocr,0.7880377999972552,0.07244820008054376,0.7026978000067174,0.005452999845147133,
syn_00249.jpg,photo,6,solved,True,True,,0.6889909999445081,0.06406689994037151,0.5705353000666946,0.012338799890130758,0.03882969985716045
syn_00250.png,screenshot,6,invalid_instance,False,False,ocr,0.42674600007012486,0.06143869995139539,0.3611914000939578,,
syn_00251.jpg,photo,7,solved,True,True,,0.5981238998938352,0.07065070001408458,0.451482699951157,0.023147600004449487,0.04744150000624359
syn_00252.jpg,photo,3,solved,True,True,,0.16668540006503463,0.05664700013585389,0.04310949984937906,0.004871999844908714,0.05665899999439716
syn_00253.jpg,photo,8,infeasible,False,False,ocr,1.0991987001616508,0.0914920000359416,0.995990099851042,0.006425099913030863,
syn_00254.png,screenshot,6,solved,True,True,,0.4666089001111686,0.056772599928081036,0.3742509000003338,0.010365899885073304,0.02292339992709458
syn_00255.jpg,photo,8,infeasible,False,False,ocr,0.8102315999567509,0.08085169992409647,0.7186430001165718,0.004772099899128079,
syn_00256.png,screenshot,9,solved,True,True,,1.2864612000994384,0.07547039981000125,1.1617598000448197,0.01964449998922646,0.024782099993899465
syn_00257.jpg,photo,7,solved,True,True,,0.7461017998866737,0.07293909997679293,0.5906875999644399,0.026288799941539764,0.0519320999737829
syn_00258.jpg,photo,9,infeasible,False,False,ocr,1.3731786999851465,0.09131329995580018,1.2701425999403,0.005573599832132459,
syn_00259.png,screenshot,8,infeasible,False,False,ocr,1.2163003000896424,0.06880609993822873,1.144027599832043,0.0017480000387877226,
syn_00260.png,screenshot,4,solved,True,True,,0.16216180007904768,0.06180249992758036,0.07335890014655888,0.016339000081643462,0.009386499878019094
syn_00261.jpg,photo,8,solved,True,True,,1.1970829002093524,0.09473149990662932,1.0294407000765204,0.013929899781942368,0.05242319987155497
syn_00262.png,screenshot,5,solved,True,True,,0.354593199910596,0.050774999894201756,0.2707285999786109,0.009704099968075752,0.02097879978828132
syn_00263.png,screenshot,9,solved,True,True,,1.4429534999653697,0.0824730999302119,1.2863759000319988,0.01621769997291267,0.05152019998058677
syn_00264.jpg,photo,5,solved,True,True,,0.30916720000095665,0.06733500002883375,0.18703349982388318,0.007176900049671531,0.043259199941530824
syn_00265.png,screenshot,4,solved,True,True,,0.28976160008460283,0.06973350001499057,0.18212320003658533,0.01737459981814027,0.017856799997389317
syn_00266.jpg,photo,9,solved,True,True,,1.2924577000085264,0.0993134998716414,1.102155099855736,0.021864700131118298,0.06217349995858967
syn_00267.jpg,photo,6,solved,True,True,,0.46185279986821115,0.058999700006097555,0.3401492000557482,0.016577200032770634,0.03914699982851744
syn_00268.png,screenshot,7,solved,True,True,,0.7338237001094967,0.06517539988271892,0.6120415001641959,0.020410200115293264,0.03274650010280311
syn_00269.jpg,photo,5,solved,True,True,,0.36844440014101565,0.09724469995126128,0.20164060010574758,0.01586449984461069,0.04899290017783642
syn_00270.png,screenshot,7,solved,True,True,,0.7567340000532568,0.08337260014377534,0.6345158000476658,0.012029499979689717,0.022318899864330888
syn_00271.jpg,photo,3,solved,True,True,,0.18401570012792945,0.06459039985202253,0.04315209994092584,0.01566410018131137,0.05700119980610907
syn_00272.png,screenshot,5,solved,True,True,,0.36920209997333586,0.07433289987966418,0.26231190003454685,0.019819500157609582,0.010694900061935186
syn_00273.png,screenshot,5,solved,True,True,,0.4875980999786407,0.06215849984437227,0.395869999891147,0.014944300055503845,0.013007800094783306
syn_00274.jpg,photo,8,solved,True,True,,1.371377500006929,0.08660069992765784,1.2108759998809546,0.013219899963587523,0.05360350012779236
syn_00275.jpg,photo,4,solved,True,True,,0.23641090001910925,0.06255839997902513,0.11287169996649027,0.008146099979057908,0.04958700016140938
syn_00276.jpg,photo,4,solved,True,True,,0.22287800000049174,0.06869979994371533,0.08017900004051626,0.020249699940904975,0.05004450003616512
syn_00277.png,screenshot,9,infeasible,False,False,ocr,1.632359999930486,0.09254109999164939,1.5278566000051796,0.005623500095680356,
syn_00278.jpg,photo,3,solved,True,True,,0.17611239990219474,0.053941700141876936,0.04498819983564317,0.018295800080522895,0.053334200056269765
syn_00279.jpg,photo,7,invalid_instance,False,False,ocr,0.44891589996404946,0.0840000999160111,0.3600719999521971,,
syn_00280.jpg,photo,4,solved,True,True,,0.26401740009896457,0.07568270014598966,0.11479180003516376,0.015076899901032448,0.051664500031620264
syn_00281.png,screenshot,8,solved,True,True,,0.8856133001390845,0.08826290001161397,0.7283965998794883,0.022425899980589747,0.04118079994805157
syn_00282.png,screenshot,3,solved,True,True,,0.1386463998351246,0.04555610008537769,0.06750050000846386,0.011644900077953935,0.012429600115865469
syn_00283.jpg,photo,6,infeasible,False,False,ocr,0.5058716998901218,0.08366889995522797,0.41573840007185936,0.0012407999020069838,
syn_00284.png,screenshot,6,solved,True,True,,0.4992389001417905,0.06379800010472536,0.3814099000301212,0.015120400115847588,0.03488759999163449
syn_00285.png,screenshot,8,solved,True,True,,1.0202456000261009,0.0734606001060456,0.9033321000169963,0.015504200011491776,0.024718699976801872
syn_00286.jpg,photo,5,solved,True,True,,0.43606150010600686,0.06636560009792447,0.30298150004819036,0.013750199927017093,0.04953589988872409
syn_00287.jpg,photo,9,solved,True,True,,0.9246859000995755,0.10322199994698167,0.7284538000822067,0.015139800030738115,0.069203200051561
syn_00288.jpg,photo,4,solved,True,True,,0.18984329979866743,0.05562700005248189,0.06296279979869723,0.018297000089660287,0.049107500119134784
syn_00289.jpg,photo,8,infeasible,False,False,ocr,0.6391627001576126,0.09785879985429347,0.5304289001505822,0.005358000053092837,
syn_00290.jpg,photo,6,infeasible,False,False,ocr,0.34031490003690124,0.07367269997484982,0.26027830014936626,0.0017891000024974346,
syn_00291.jpg,photo,4,solved,True,True,,0.23813509987667203,0.0785374001134187,0.08741219993680716,0.02075419994071126,0.04553819983266294
syn_00292.jpg,photo,3,solved,True,True,,0.18342110002413392,0.07758189993910491,0.04807989997789264,0.005957199959084392,0.04607629985548556
syn_00293.jpg,photo,8,solved,True,True,,0.7028010999783874,0.10203569987788796,0.5092807998880744,0.023130099987611175,0.05938349990174174
syn_00294.png,screenshot,4,solved,True,True,,0.16600690013729036,0.0572804999537766,0.07531260000541806,0.012771799927577376,0.018280399963259697
syn_00295.jpg,photo,8,solved,True,True,,1.2107020998373628,0.08887739991769195,1.0551823999267071,0.013028000015765429,0.04730729991570115
syn_00296.jpg,photo,9,infeasible,False,False,ocr,0.9909386001527309,0.07229459984228015,0.9066953000146896,0.005646999925374985,
syn_00297.jpg,photo,5,solved,True,True,,0.5262798999901861,0.06647710013203323,0.40555890020914376,0.010258799884468317,0.040611700154840946
syn_00298.jpg,photo,4,solved,True,True,,0.21258660010062158,0.05888359993696213,0.08376409998163581,0.01146650011651218,0.051730699837207794
syn_00299.jpg,photo,9,solved,True,True,,1.5897202000487596,0.10895680007524788,1.3982379001099616,0.014028700068593025,0.06164369988255203
