image,kind,n,labels,structure_ok,matched,seg_ok,top1,topk,inst_ok,inst_topk,time,error
hard_00000.jpg,photo_hard,4,8,True,8,8,8,8,True,True,6.5196671999874525,
hard_00001.jpg,photo_hard,5,10,True,10,9,10,10,True,True,0.17774079999071546,
hard_00002.jpg,photo_hard,4,7,True,7,7,7,7,True,True,0.11907630000496283,
hard_00003.jpg,photo_hard,9,33,True,33,12,14,21,False,False,0.5469169999996666,
hard_00004.jpg,photo_hard,4,8,True,8,2,2,3,False,False,0.7107385999988765,
hard_00005.jpg,photo_hard,6,17,True,17,17,17,17,True,True,0.2438728999986779,
hard_00006.jpg,photo_hard,4,7,True,7,6,6,6,False,False,0.1142456000088714,
hard_00007.jpg,photo_hard,7,21,True,21,11,10,10,False,False,0.3661331000039354,
hard_00008.jpg,photo_hard,5,10,True,10,3,1,2,False,False,0.28235059999860823,
hard_00009.jpg,photo_hard,6,17,True,17,16,17,17,True,True,0.34532120000221767,
hard_00010.jpg,photo_hard,6,17,True,17,2,1,4,False,False,2.9756460999778938,
hard_00011.jpg,photo_hard,8,25,True,25,16,23,25,False,True,0.461020799994003,
hard_00012.jpg,photo_hard,6,16,True,16,11,9,12,False,False,0.3484101000067312,
hard_00013.jpg,photo_hard,7,21,True,21,3,2,3,False,False,0.6687779999920167,
hard_00014.jpg,photo_hard,8,27,True,27,21,22,25,False,False,0.49854170001344755,
hard_00015.jpg,photo_hard,9,36,True,36,34,36,36,True,True,0.5059550000005402,
hard_00016.jpg,photo_hard,8,26,True,26,23,22,24,False,False,0.37183509999886155,
hard_00017.jpg,photo_hard,8,32,True,32,32,32,32,True,True,0.36126669999794103,
hard_00018.jpg,photo_hard,4,9,True,9,9,9,9,True,True,0.12088479998055845,
hard_00019.jpg,photo_hard,6,16,True,16,7,12,14,False,False,0.34118519999901764,
hard_00020.jpg,photo_hard,3,4,True,4,4,4,4,True,True,0.07938400001148693,
hard_00021.jpg,photo_hard,7,23,True,23,15,15,18,False,False,0.843799800000852,
hard_00022.jpg,photo_hard,9,36,True,36,23,24,28,False,False,0.42034650000277907,
hard_00023.jpg,photo_hard,7,19,True,19,16,15,16,False,False,0.29567510000197217,
hard_00024.jpg,photo_hard,9,37,True,37,32,35,37,False,True,0.4109193000185769,
hard_00025.jpg,photo_hard,9,35,True,35,32,33,35,False,True,0.4726848999853246,
hard_00026.jpg,photo_hard,8,28,True,28,11,8,15,False,False,0.5796698000049219,
hard_00027.jpg,photo_hard,3,4,True,4,3,3,4,False,True,0.08473539998522028,
hard_00028.jpg,photo_hard,5,10,True,10,8,8,9,False,False,0.16493859997717664,
hard_00029.jpg,photo_hard,5,13,True,13,10,12,12,False,False,0.1757270999951288,
hard_00030.jpg,photo_hard,5,11,True,11,9,8,9,False,False,0.20746819998021238,
hard_00031.jpg,photo_hard,7,21,True,21,18,19,20,False,False,0.27237339998828247,
hard_00032.jpg,photo_hard,9,35,True,35,31,35,35,True,True,0.42236660001799464,
hard_00033.jpg,photo_hard,6,15,True,15,10,11,12,False,False,0.27830820000963286,
hard_00034.jpg,photo_hard,7,25,True,25,16,17,22,False,False,0.26778490000288,
hard_00035.jpg,photo_hard,6,16,True,16,12,11,13,False,False,0.1902442999999039,
hard_00036.jpg,photo_hard,7,20,True,20,16,14,19,False,False,0.31200050000916235,
hard_00037.jpg,photo_hard,5,11,True,11,10,11,11,True,True,0.18223420000867918,
hard_00038.jpg,photo_hard,6,15,True,15,3,4,6,False,False,0.5935031999833882,
hard_00039.jpg,photo_hard,4,7,True,7,7,6,6,False,False,0.115704600000754,
hard_00040.jpg,photo_hard,8,29,True,29,26,27,29,False,True,0.3704435999970883,
hard_00041.jpg,photo_hard,8,27,True,27,21,19,24,False,False,0.4026882000034675,
hard_00042.jpg,photo_hard,8,29,True,29,28,26,29,False,True,0.41565320000518113,
hard_00043.jpg,photo_hard,4,7,True,7,6,6,6,False,False,0.11154090001946315,
hard_00044.jpg,photo_hard,3,4,True,4,4,4,4,True,True,0.09245500000542961,
hard_00045.jpg,photo_hard,6,16,True,16,7,6,10,False,False,0.32714959999429993,
hard_00046.jpg,photo_hard,3,5,True,5,4,4,4,False,False,0.09406719999969937,
hard_00047.jpg,photo_hard,4,7,True,7,7,7,7,True,True,0.1217979000066407,
hard_00048.jpg,photo_hard,4,9,True,9,2,3,8,False,False,0.1642252000165172,
hard_00049.jpg,photo_hard,3,5,True,5,5,5,5,True,True,0.0833124999771826,
hard_00050.jpg,photo_hard,4,7,True,7,4,3,5,False,False,0.15644289998454042,
hard_00051.jpg,photo_hard,9,41,True,41,26,19,27,False,False,0.44328910001786426,
hard_00052.jpg,photo_hard,5,12,True,12,3,6,8,False,False,0.1943864000204485,
hard_00053.jpg,photo_hard,5,12,True,12,10,11,11,False,False,0.1815426999819465,
hard_00054.jpg,photo_hard,5,12,True,12,11,11,11,False,False,0.1883238000154961,
hard_00055.jpg,photo_hard,7,21,True,21,14,13,17,False,False,0.33095289999619126,
hard_00056.jpg,photo_hard,5,12,True,12,7,8,10,False,False,0.21612319999258034,
hard_00057.jpg,photo_hard,4,6,True,6,5,6,6,True,True,0.10856890000286512,
hard_00058.jpg,photo_hard,4,7,True,7,7,7,7,True,True,0.12052509997738525,
hard_00059.jpg,photo_hard,8,31,True,31,27,25,29,False,False,0.38193600001977757,
hard_00060.jpg,photo_hard,9,32,True,32,29,27,30,False,False,0.4770309000159614,
hard_00061.jpg,photo_hard,3,4,True,4,4,4,4,True,True,0.07547660000273027,
hard_00062.jpg,photo_hard,9,35,True,35,28,30,32,False,False,0.49401930000749417,
hard_00063.jpg,photo_hard,4,8,True,8,7,7,8,False,True,0.15485089999856427,
hard_00064.jpg,photo_hard,3,4,True,4,3,3,3,False,False,0.13989330001641065,
hard_00065.jpg,photo_hard,9,36,True,36,36,36,36,True,True,0.5416666999808513,
hard_00066.jpg,photo_hard,4,7,True,7,6,6,6,False,False,0.12392030001501553,
hard_00067.jpg,photo_hard,3,5,True,5,5,5,5,True,True,0.09097980000660755,
hard_00068.jpg,photo_hard,5,10,True,10,8,9,9,False,False,0.18929460001527332,
hard_00069.jpg,photo_hard,6,16,True,16,9,3,8,False,False,0.2470475999871269,
hard_00070.jpg,photo_hard,4,8,True,8,3,5,6,False,False,0.3712476000073366,
hard_00071.jpg,photo_hard,9,34,True,34,28,31,31,False,False,0.6970981000049505,
hard_00072.jpg,photo_hard,9,34,True,34,29,31,34,False,True,0.5539044999750331,
hard_00073.jpg,photo_hard,9,34,True,34,33,33,33,False,False,0.49808319998555817,
hard_00074.jpg,photo_hard,4,7,True,7,4,6,6,False,False,0.12180520000401884,
hard_00075.jpg,photo_hard,6,16,True,16,16,16,16,True,True,0.22564809999312274,
hard_00076.jpg,photo_hard,6,15,True,15,6,9,13,False,False,0.29259409999940544,
hard_00077.jpg,photo_hard,4,7,True,7,4,4,5,False,False,0.10619220000808127,
hard_00078.jpg,photo_hard,9,36,True,36,13,10,14,False,False,0.4429229999950621,
hard_00079.jpg,photo_hard,7,24,True,24,12,12,16,False,False,0.22630139999091625,
hard_00080.jpg,photo_hard,7,19,True,19,19,19,19,True,True,0.41129089999594726,
hard_00081.jpg,photo_hard,9,38,False,37,32,31,36,False,False,0.40021679998608306,
hard_00082.jpg,photo_hard,4,6,True,6,0,2,2,False,False,0.5320107000006828,
hard_00083.jpg,photo_hard,5,11,True,11,11,11,11,True,True,0.257149599987315,
hard_00084.jpg,photo_hard,5,11,True,11,10,10,10,False,False,0.19783069999539293,
hard_00085.jpg,photo_hard,7,20,True,20,5,5,11,False,False,0.3845806999888737,
hard_00086.jpg,photo_hard,4,6,True,6,5,6,6,True,True,0.12790880000102334,
hard_00087.jpg,photo_hard,9,34,True,34,15,4,12,False,False,0.39083170000230893,
hard_00088.jpg,photo_hard,7,22,True,22,17,16,20,False,False,0.27375279998523183,
hard_00089.jpg,photo_hard,7,23,True,23,19,21,23,False,True,0.3441138000052888,
hard_00090.jpg,photo_hard,9,36,True,36,34,34,36,False,True,0.4383751999994274,
hard_00091.jpg,photo_hard,9,34,True,34,30,31,33,False,False,0.48216299997875467,
hard_00092.jpg,photo_hard,9,40,True,40,31,29,36,False,False,0.3674414999841247,
hard_00093.jpg,photo_hard,9,35,True,35,16,11,15,False,False,0.9492446999938693,
hard_00094.jpg,photo_hard,8,29,True,29,25,22,26,False,False,0.33716729999287054,
hard_00095.jpg,photo_hard,9,34,True,34,27,24,31,False,False,0.5080782999866642,
hard_00096.jpg,photo_hard,3,5,True,5,4,5,5,True,True,0.08939700000337325,
hard_00097.jpg,photo_hard,7,22,True,22,9,2,4,False,False,0.3021811000071466,
hard_00098.jpg,photo_hard,9,35,True,35,23,12,21,False,False,0.5399534000025596,
hard_00099.jpg,photo_hard,9,37,True,37,23,26,31,False,False,0.4148838000255637,
hard_00100.jpg,photo_hard,3,6,True,6,6,6,6,True,True,0.08762840001145378,
hard_00101.jpg,photo_hard,3,4,True,4,4,4,4,True,True,0.08354530000360683,
hard_00102.jpg,photo_hard,4,7,True,7,7,7,7,True,True,0.10966879999614321,
hard_00103.jpg,photo_hard,3,5,True,5,5,5,5,True,True,0.07549519999884069,
hard_00104.jpg,photo_hard,9,34,True,34,28,24,28,False,False,0.4545575999945868,
hard_00105.jpg,photo_hard,4,7,True,7,6,5,7,False,True,0.11287320000701584,
hard_00106.jpg,photo_hard,9,36,True,36,36,36,36,True,True,0.5523369000002276,
hard_00107.jpg,photo_hard,4,8,True,8,8,8,8,True,True,0.14683650000370108,
hard_00108.jpg,photo_hard,9,36,True,36,35,35,36,False,True,0.585916999989422,
hard_00109.jpg,photo_hard,3,5,True,5,4,3,5,False,True,0.0723289999878034,
hard_00110.jpg,photo_hard,5,11,True,11,6,7,8,False,False,0.22375279999687336,
hard_00111.jpg,photo_hard,4,7,True,7,1,1,3,False,False,0.15277409998816438,
hard_00112.jpg,photo_hard,3,4,True,4,4,4,4,True,True,0.08249639999121428,
hard_00113.jpg,photo_hard,9,35,True,35,32,34,34,False,False,0.47452099999645725,
hard_00114.jpg,photo_hard,6,15,True,15,13,14,15,False,True,0.2111940000031609,
hard_00115.jpg,photo_hard,9,35,True,35,32,31,33,False,False,0.5211782999977004,
hard_00116.jpg,photo_hard,8,29,True,29,27,29,29,True,True,0.3576385000196751,
hard_00117.jpg,photo_hard,7,22,True,22,20,15,21,False,False,0.2877901000028942,
hard_00118.jpg,photo_hard,3,4,True,4,4,4,4,True,True,0.07708439999260008,
hard_00119.jpg,photo_hard,5,13,True,13,13,13,13,True,True,0.20049870002549142,
hard_00120.jpg,photo_hard,3,4,True,4,4,4,4,True,True,0.09456989998579957,
hard_00121.jpg,photo_hard,5,10,True,10,6,4,8,False,False,0.18197000000509433,
hard_00122.jpg,photo_hard,8,29,True,29,26,26,29,False,True,0.402999899990391,
hard_00123.jpg,photo_hard,3,4,True,4,3,4,4,True,True,0.07357569999294356,
hard_00124.jpg,photo_hard,9,40,True,40,30,23,35,False,False,0.4381207999831531,
hard_00125.jpg,photo_hard,5,11,False,4,0,0,0,False,False,0.572397899988573,
hard_00126.jpg,photo_hard,9,34,True,34,32,32,34,False,True,0.5749651000078302,
hard_00127.jpg,photo_hard,4,8,True,8,8,8,8,True,True,0.15044600001419894,
hard_00128.jpg,photo_hard,3,3,True,3,3,3,3,True,True,0.1129715999995824,
hard_00129.jpg,photo_hard,5,12,True,12,12,12,12,True,True,0.18570780000300147,
hard_00130.jpg,photo_hard,9,36,True,36,32,34,36,False,True,0.46230660000583157,
hard_00131.jpg,photo_hard,9,34,True,34,34,34,34,True,True,0.562403899995843,
hard_00132.jpg,photo_hard,8,32,True,32,32,32,32,True,True,0.3609760999970604,
hard_00133.jpg,photo_hard,4,8,True,8,4,6,6,False,False,0.1583884000137914,
hard_00134.jpg,photo_hard,4,9,True,9,6,8,9,False,True,0.11027929998817854,
hard_00135.jpg,photo_hard,4,6,True,6,3,3,5,False,False,0.10161479999078438,
hard_00136.jpg,photo_hard,3,4,True,4,3,4,4,True,True,0.0849129999987781,
hard_00137.jpg,photo_hard,8,28,True,28,16,16,21,False,False,0.3580482999968808,
hard_00138.jpg,photo_hard,3,4,True,4,3,4,4,True,True,0.06646070000715554,
hard_00139.jpg,photo_hard,6,18,True,18,10,4,9,False,False,0.2867679000191856,
hard_00140.jpg,photo_hard,8,27,True,27,23,25,26,False,False,0.36141010001301765,
hard_00141.jpg,photo_hard,3,5,True,5,5,5,5,True,True,0.07871010000235401,
hard_00142.jpg,photo_hard,4,8,True,8,8,8,8,True,True,0.10199939997983165,
hard_00143.jpg,photo_hard,9,32,True,32,32,32,32,True,True,0.5067331999889575,
hard_00144.jpg,photo_hard,3,6,True,6,6,6,6,True,True,0.07402619998902082,
hard_00145.jpg,photo_hard,6,16,True,16,13,11,16,False,True,0.20740009998553433,
hard_00146.jpg,photo_hard,9,35,True,35,27,26,31,False,False,0.5395280999946408,
hard_00147.jpg,photo_hard,3,3,True,3,3,3,3,True,True,0.07571319999988191,
hard_00148.jpg,photo_hard,7,19,True,19,6,8,9,False,False,0.3516020000097342,
hard_00149.jpg,photo_hard,8,30,False,28,1,0,8,False,False,1.5309089999936987,
