image,kind,n,n_pred,n_ok,board_err,cages_ok,cage_f1,edge_acc,time,error
hard_00000.jpg,photo_hard,4,4,True,0.0052375187574300545,True,1.0,1.0,0.06757369986735284,
hard_00001.jpg,photo_hard,5,5,True,0.0025932478376544644,True,1.0,1.0,0.07033670018427074,
hard_00002.jpg,photo_hard,4,4,True,0.00562247515420882,True,1.0,1.0,0.05850369995459914,
hard_00003.jpg,photo_hard,9,9,True,0.001762486093058919,True,1.0,1.0,0.08243179996497929,
hard_00004.jpg,photo_hard,4,4,True,0.005150268001731065,True,1.0,1.0,0.05904109985567629,
hard_00005.jpg,photo_hard,6,6,True,0.004275116043515161,True,1.0,1.0,0.06840070011094213,
hard_00006.jpg,photo_hard,4,4,True,0.0032979121543643816,True,1.0,1.0,0.058329900028184056,
hard_00007.jpg,photo_hard,7,7,True,0.005417010992772218,True,1.0,1.0,0.071077800123021,
hard_00008.jpg,photo_hard,5,5,True,0.006585126427276022,True,1.0,1.0,0.05690450011752546,
hard_00009.jpg,photo_hard,6,6,True,0.003822397206821135,True,1.0,1.0,0.06405239994637668,
hard_00010.jpg,photo_hard,6,6,True,0.0024824562364098553,True,1.0,1.0,0.07759120012633502,
hard_00011.jpg,photo_hard,8,8,True,0.0031494509669073726,True,1.0,1.0,0.0828753998503089,
hard_00012.jpg,photo_hard,6,6,True,0.0068918181499910336,True,1.0,1.0,0.0693318999838084,
hard_00013.jpg,photo_hard,7,7,True,0.0020296836437320616,True,1.0,1.0,0.06379949999973178,
hard_00014.jpg,photo_hard,8,8,True,0.001677070839184038,True,1.0,1.0,0.07990679983049631,
hard_00015.jpg,photo_hard,9,9,True,0.001990873115828511,True,1.0,1.0,0.0809478999581188,
hard_00016.jpg,photo_hard,8,8,True,0.0016892419938914882,True,1.0,1.0,0.0748046999797225,
hard_00017.jpg,photo_hard,8,8,True,0.0020159715667980196,True,1.0,1.0,0.0758401001803577,
hard_00018.jpg,photo_hard,4,4,True,0.004502151931854719,True,1.0,1.0,0.07182830013334751,
hard_00019.jpg,photo_hard,6,6,True,0.003944964089332803,True,1.0,1.0,0.06540449988096952,
hard_00020.jpg,photo_hard,3,3,True,0.010073628971585112,True,1.0,1.0,0.063336499966681,
hard_00021.jpg,photo_hard,7,7,True,0.0029309773749954036,True,1.0,1.0,0.08279790007509291,
hard_00022.jpg,photo_hard,9,9,True,0.003922085383919622,True,1.0,1.0,0.09006179985590279,
hard_00023.jpg,photo_hard,7,7,True,0.004486332070271975,True,1.0,1.0,0.06807000003755093,
hard_00024.jpg,photo_hard,9,9,True,0.0015669516459042182,True,1.0,1.0,0.08081850013695657,
hard_00025.jpg,photo_hard,9,9,True,0.0024799090242537685,True,1.0,1.0,0.09282039990648627,
hard_00026.jpg,photo_hard,8,8,True,0.0032114050558302945,True,1.0,1.0,0.0809245000127703,
hard_00027.jpg,photo_hard,3,3,True,0.004990723412537306,True,1.0,1.0,0.058588100131601095,
hard_00028.jpg,photo_hard,5,5,True,0.005251165869347152,True,1.0,1.0,0.0633950000628829,
hard_00029.jpg,photo_hard,5,5,True,0.005752958409141413,True,1.0,1.0,0.05874320003204048,
hard_00030.jpg,photo_hard,5,5,True,0.003858575462018347,True,1.0,1.0,0.06686199991963804,
hard_00031.jpg,photo_hard,7,7,True,0.002604725773798858,True,1.0,1.0,0.07316179992631078,
hard_00032.jpg,photo_hard,9,9,True,0.002208761409083296,True,1.0,1.0,0.08882310008630157,
hard_00033.jpg,photo_hard,6,6,True,0.0020875456447562,True,1.0,1.0,0.07375819981098175,
hard_00034.jpg,photo_hard,7,7,True,0.002398713369498743,True,1.0,1.0,0.0971957000438124,
hard_00035.jpg,photo_hard,6,6,True,0.005241951398653588,True,1.0,1.0,0.10750850010663271,
hard_00036.jpg,photo_hard,7,7,True,0.00366084478492564,True,1.0,1.0,0.11899139988236129,
hard_00037.jpg,photo_hard,5,5,True,0.003145615842951936,True,1.0,1.0,0.10148689989000559,
hard_00038.jpg,photo_hard,6,6,True,0.003422777577074368,True,1.0,1.0,0.17287969985045493,
hard_00039.jpg,photo_hard,4,4,True,0.0035112939853915947,True,1.0,1.0,0.10920609999448061,
hard_00040.jpg,photo_hard,8,8,True,0.0026224471692176308,True,1.0,1.0,0.13721469999291003,
hard_00041.jpg,photo_hard,8,8,True,0.0032210330018954997,True,1.0,1.0,0.12941389996558428,
hard_00042.jpg,photo_hard,8,8,True,0.001718326404249632,True,1.0,1.0,0.1456672998610884,
hard_00043.jpg,photo_hard,4,4,True,0.0027545498521821224,True,1.0,1.0,0.12961299996823072,
hard_00044.jpg,photo_hard,3,3,True,0.004056582074473747,True,1.0,1.0,0.12857940001413226,
hard_00045.jpg,photo_hard,6,6,True,0.0028164885789696264,True,1.0,1.0,0.15870749996975064,
hard_00046.jpg,photo_hard,3,3,True,0.0034439415974272074,True,1.0,1.0,0.11183559987694025,
hard_00047.jpg,photo_hard,4,4,True,0.0042729554312755805,True,1.0,1.0,0.10943669988773763,
hard_00048.jpg,photo_hard,4,4,True,0.00406374602108058,True,1.0,1.0,0.09981900011189282,
hard_00049.jpg,photo_hard,3,3,True,0.00809139204354091,True,1.0,1.0,0.10395219991914928,
hard_00050.jpg,photo_hard,4,4,True,0.0033241407440492213,True,1.0,1.0,0.16735169989988208,
hard_00051.jpg,photo_hard,9,9,True,0.0026368949109368163,True,1.0,1.0,0.16308490000665188,
hard_00052.jpg,photo_hard,5,5,True,0.003301193762242168,True,1.0,1.0,0.11426170007325709,
hard_00053.jpg,photo_hard,5,5,True,0.004126861184355882,True,1.0,1.0,0.10757889994420111,
hard_00054.jpg,photo_hard,5,5,True,0.004561219008882233,True,1.0,1.0,0.17013059998862445,
hard_00055.jpg,photo_hard,7,7,True,0.003924127426150877,True,1.0,1.0,0.1685587998945266,
hard_00056.jpg,photo_hard,5,5,True,0.0035518547473015697,True,1.0,1.0,0.1764118999708444,
hard_00057.jpg,photo_hard,4,4,True,0.005139348259926148,True,1.0,1.0,0.1101255000103265,
hard_00058.jpg,photo_hard,4,4,True,0.0026097988924377283,True,1.0,1.0,0.08077989984303713,
hard_00059.jpg,photo_hard,8,8,True,0.0032759234554034255,True,1.0,1.0,0.1182343999389559,
hard_00060.jpg,photo_hard,9,9,True,0.0012454359183264481,True,1.0,1.0,0.13439239980652928,
hard_00061.jpg,photo_hard,3,3,True,0.007378925260389293,True,1.0,1.0,0.11038760002702475,
hard_00062.jpg,photo_hard,9,9,True,0.0016528150013694245,True,1.0,1.0,0.17261980008333921,
hard_00063.jpg,photo_hard,4,4,True,0.005526833109435674,True,1.0,1.0,0.12121999985538423,
hard_00064.jpg,photo_hard,3,3,True,0.011277962766046819,True,1.0,1.0,0.1085814000107348,
hard_00065.jpg,photo_hard,9,9,True,0.001238656658178092,True,1.0,1.0,0.16172720002941787,
hard_00066.jpg,photo_hard,4,4,True,0.004380655751664766,True,1.0,1.0,0.0869465998839587,
hard_00067.jpg,photo_hard,3,3,True,0.004935160072223047,True,1.0,1.0,0.12165439990349114,
hard_00068.jpg,photo_hard,5,5,True,0.002985139817016524,True,1.0,1.0,0.1654342000838369,
hard_00069.jpg,photo_hard,6,6,True,0.005332279838383744,True,1.0,1.0,0.0940697998739779,
hard_00070.jpg,photo_hard,4,4,True,0.005739622489175146,True,1.0,1.0,0.14695629989728332,
hard_00071.jpg,photo_hard,9,9,True,0.0013959648717411985,True,1.0,1.0,0.13989969994872808,
hard_00072.jpg,photo_hard,9,9,True,0.001625673973496347,True,1.0,1.0,0.13657019985839725,
hard_00073.jpg,photo_hard,9,9,True,0.0033873398396041875,True,1.0,1.0,0.15572479995898902,
hard_00074.jpg,photo_hard,4,4,True,0.003121102366696972,True,1.0,1.0,0.1755305000115186,
hard_00075.jpg,photo_hard,6,6,True,0.0032686103262312806,True,1.0,1.0,0.14160360000096262,
hard_00076.jpg,photo_hard,6,6,True,0.002706151868496449,True,1.0,1.0,0.17708780011162162,
hard_00077.jpg,photo_hard,4,4,True,0.00580420337562485,True,1.0,1.0,0.11275289999321103,
hard_00078.jpg,photo_hard,9,9,True,0.0035949429072189604,True,1.0,1.0,0.2053797000553459,
hard_00079.jpg,photo_hard,7,7,True,0.0029619185463972157,True,1.0,1.0,0.15943340002559125,
hard_00080.jpg,photo_hard,7,7,True,0.0015660116943032154,True,1.0,1.0,0.15957629983313382,
hard_00081.jpg,photo_hard,9,9,True,0.002800079533601296,False,0.9736842105263158,0.9930555555555556,0.12469159997999668,
hard_00082.jpg,photo_hard,4,4,True,0.00591874111511197,True,1.0,1.0,0.1287622000090778,
hard_00083.jpg,photo_hard,5,5,True,0.005435415586539697,True,1.0,1.0,0.11952090007252991,
hard_00084.jpg,photo_hard,5,5,True,0.005749251190023881,True,1.0,1.0,0.13215820002369583,
hard_00085.jpg,photo_hard,7,7,True,0.002526597973304487,True,1.0,1.0,0.10277169989421964,
hard_00086.jpg,photo_hard,4,4,True,0.003655077842148114,True,1.0,1.0,0.0940146001521498,
hard_00087.jpg,photo_hard,9,9,True,0.004303886143909281,True,1.0,1.0,0.19012579997070134,
hard_00088.jpg,photo_hard,7,7,True,0.0028762651608357104,True,1.0,1.0,0.10135999997146428,
hard_00089.jpg,photo_hard,7,7,True,0.004441529709940909,True,1.0,1.0,0.17436669999733567,
hard_00090.jpg,photo_hard,9,9,True,0.0017179028893431932,True,1.0,1.0,0.134764599846676,
hard_00091.jpg,photo_hard,9,9,True,0.002667424516829317,True,1.0,1.0,0.18886390002444386,
hard_00092.jpg,photo_hard,9,9,True,0.0021703350731035837,True,1.0,1.0,0.14600219996646047,
hard_00093.jpg,photo_hard,9,9,True,0.0023810437036151898,True,1.0,1.0,0.16301920008845627,
hard_00094.jpg,photo_hard,8,8,True,0.0016154279434967766,True,1.0,1.0,0.1509174001403153,
hard_00095.jpg,photo_hard,9,9,True,0.001844325783797306,True,1.0,1.0,0.187815299956128,
hard_00096.jpg,photo_hard,3,3,True,0.006729247551258379,True,1.0,1.0,0.1639801999554038,
hard_00097.jpg,photo_hard,7,7,True,0.005233690359242265,True,1.0,1.0,0.13428810006007552,
hard_00098.jpg,photo_hard,9,9,True,0.0028799151317321827,True,1.0,1.0,0.21379869990050793,
hard_00099.jpg,photo_hard,9,9,True,0.0015328323368290664,True,1.0,1.0,0.14994890009984374,
hard_00100.jpg,photo_hard,3,3,True,0.008372705919240232,True,1.0,1.0,0.10231269989162683,
hard_00101.jpg,photo_hard,3,3,True,0.004826305345834748,True,1.0,1.0,0.09695679997093976,
hard_00102.jpg,photo_hard,4,4,True,0.0038575011453203805,True,1.0,1.0,0.10904320003464818,
hard_00103.jpg,photo_hard,3,3,True,0.013376748924187857,True,1.0,1.0,0.11231629992835224,
hard_00104.jpg,photo_hard,9,9,True,0.0021435935656884684,True,1.0,1.0,0.130772499833256,
hard_00105.jpg,photo_hard,4,4,True,0.003554772753167067,True,1.0,1.0,0.12053269986063242,
hard_00106.jpg,photo_hard,9,9,True,0.0018483420570038728,True,1.0,1.0,0.15738520002923906,
hard_00107.jpg,photo_hard,4,4,True,0.0030830064524602426,True,1.0,1.0,0.10746220010332763,
hard_00108.jpg,photo_hard,9,9,True,0.0019475095959927081,True,1.0,1.0,0.14232570002786815,
hard_00109.jpg,photo_hard,3,3,True,0.008309933600775263,True,1.0,1.0,0.07847419986501336,
hard_00110.jpg,photo_hard,5,5,True,0.0035662697997607203,True,1.0,1.0,0.10413450002670288,
hard_00111.jpg,photo_hard,4,4,True,0.00730232014875204,True,1.0,1.0,0.14501959993503988,
hard_00112.jpg,photo_hard,3,3,True,0.008298601356451257,True,1.0,1.0,0.14263759995810688,
hard_00113.jpg,photo_hard,9,9,True,0.0037460794946537258,True,1.0,1.0,0.12758200010284781,
hard_00114.jpg,photo_hard,6,6,True,0.0018752919915966993,True,1.0,1.0,0.12246970017440617,
hard_00115.jpg,photo_hard,9,9,True,0.002909982177335686,True,1.0,1.0,0.13361060013994575,
hard_00116.jpg,photo_hard,8,8,True,0.0021635334824055023,True,1.0,1.0,0.1573987000156194,
hard_00117.jpg,photo_hard,7,7,True,0.003982429765039587,True,1.0,1.0,0.15750150009989738,
hard_00118.jpg,photo_hard,3,3,True,0.006422665690412861,True,1.0,1.0,0.10462350002489984,
hard_00119.jpg,photo_hard,5,5,True,0.004335881511723153,True,1.0,1.0,0.12881210003979504,
hard_00120.jpg,photo_hard,3,3,True,0.006823927294103475,True,1.0,1.0,0.10321559989824891,
hard_00121.jpg,photo_hard,5,5,True,0.006062554003424145,True,1.0,1.0,0.10335469990968704,
hard_00122.jpg,photo_hard,8,8,True,0.0026771780045279896,True,1.0,1.0,0.13770490000024438,
hard_00123.jpg,photo_hard,3,3,True,0.003873512534536801,True,1.0,1.0,0.07525449991226196,
hard_00124.jpg,photo_hard,9,9,True,0.0013825943871815763,True,1.0,1.0,0.19895310001447797,
hard_00125.jpg,photo_hard,5,5,True,0.0036068155981579717,False,0.36363636363636365,0.675,0.15830529993399978,
hard_00126.jpg,photo_hard,9,9,True,0.00185064054039256,True,1.0,1.0,0.16959529998712242,
hard_00127.jpg,photo_hard,4,4,True,0.006446540723048764,True,1.0,1.0,0.08675490017049015,
hard_00128.jpg,photo_hard,3,3,True,0.004123121417925712,True,1.0,1.0,0.0717764999717474,
hard_00129.jpg,photo_hard,5,5,True,0.003918219983231495,True,1.0,1.0,0.1386206999886781,
hard_00130.jpg,photo_hard,9,9,True,0.0013601574187016845,True,1.0,1.0,0.14828119985759258,
hard_00131.jpg,photo_hard,9,9,True,0.0031383252089926894,True,1.0,1.0,0.14768900000490248,
hard_00132.jpg,photo_hard,8,8,True,0.0031329585435784847,True,1.0,1.0,0.12646169983781874,
hard_00133.jpg,photo_hard,4,4,True,0.0071238465122840855,True,1.0,1.0,0.13951659994199872,
hard_00134.jpg,photo_hard,4,4,True,0.004949157257483388,True,1.0,1.0,0.11266239988617599,
hard_00135.jpg,photo_hard,4,4,True,0.003465517952068391,True,1.0,1.0,0.10337970010004938,
hard_00136.jpg,photo_hard,3,3,True,0.005227367325864388,True,1.0,1.0,0.11594940000213683,
hard_00137.jpg,photo_hard,8,8,True,0.002838810956141766,True,1.0,1.0,0.15231300005689263,
hard_00138.jpg,photo_hard,3,3,True,0.005817181650873669,True,1.0,1.0,0.07978839986026287,
hard_00139.jpg,photo_hard,6,6,True,0.0049812508710889965,True,1.0,1.0,0.13167140004225075,
hard_00140.jpg,photo_hard,8,8,True,0.0032027900864338263,True,1.0,1.0,0.1512384999077767,
hard_00141.jpg,photo_hard,3,3,True,0.007998455397626662,True,1.0,1.0,0.09315790003165603,
hard_00142.jpg,photo_hard,4,4,True,0.0080571533057657,True,1.0,1.0,0.08332700002938509,
hard_00143.jpg,photo_hard,9,9,True,0.0021888610026462424,True,1.0,1.0,0.19892340013757348,
hard_00144.jpg,photo_hard,3,3,True,0.008786201704732759,True,1.0,1.0,0.09202619991265237,
hard_00145.jpg,photo_hard,6,6,True,0.0029561166833778044,True,1.0,1.0,0.10456760018132627,
hard_00146.jpg,photo_hard,9,9,True,0.0023842468623659786,True,1.0,1.0,0.1689472000580281,
hard_00147.jpg,photo_hard,3,3,True,0.008848953380215734,True,1.0,1.0,0.07842919998802245,
hard_00148.jpg,photo_hard,7,7,True,0.0033428397165265605,True,1.0,1.0,0.1291139000095427,
hard_00149.jpg,photo_hard,8,8,True,0.004325825784019572,False,0.9333333333333333,0.9821428571428571,0.15405389992520213,
